{"cameraMode":{"drawMode":0,"name":"Shaded","section":"Shading Mode"},"sceneLighting":false,"audioPlay":false,"sceneViewState":{"m_AlwaysRefresh":false,"showFog":true,"showSkybox":true,"showFlares":true,"showImageEffects":true,"showParticleSystems":true,"showVisualEffectGraphs":true,"m_FxEnabled":true},"in2DMode":false,"pivot":{"x":6.08386754989624,"y":0.9043995141983032,"z":-11.526357650756836},"rotation":{"x":-0.007607915438711643,"y":-0.9544761180877686,"z":0.02404264733195305,"w":-0.29739195108413699},"size":8.405082702636719,"orthographic":false}