{"cameraMode":{"drawMode":0,"name":"Shaded","section":"Shading Mode"},"sceneLighting":false,"audioPlay":false,"sceneViewState":{"m_AlwaysRefresh":false,"showFog":true,"showSkybox":true,"showFlares":true,"showImageEffects":true,"showParticleSystems":true,"showVisualEffectGraphs":true,"m_FxEnabled":true},"in2DMode":false,"pivot":{"x":1.379106044769287,"y":0.5467363595962524,"z":-2.9885363578796388},"rotation":{"x":-0.006300832144916058,"y":-0.9935888648033142,"z":0.09087885916233063,"w":-0.06770457327365875},"size":2.84360671043396,"orthographic":false}